{"cameraMode":{"drawMode":0,"name":"Shaded","section":"Shading Mode"},"sceneLighting":false,"audioPlay":false,"sceneViewState":{"showFog":true,"showMaterialUpdate":false,"showSkybox":true,"showFlares":true,"showImageEffects":true,"showParticleSystems":true,"showVisualEffectGraphs":true,"m_FxEnabled":true},"in2DMode":false,"pivot":{"x":137.44000244140626,"y":0.5299999713897705,"z":485.9200134277344},"rotation":{"x":0.12828664481639863,"y":0.24805475771427155,"z":-0.03318372741341591,"w":0.9596650004386902},"size":2.366028070449829,"orthographic":false}